Dimensão (d),Amostras (N),Diferença (%)
2,100,1.743591585080107
6,100,1.8212572461628267
10,100,6.683538262108938
2,1000,0.4423396757719749
6,1000,0.8426577663922216
10,1000,1.766592955672577
2,10000,0.09435431183410466
6,10000,0.9008103283378014
10,10000,0.08499050982200765
2,100000,0.008269027582804116
6,100000,0.06665018605866227
10,100000,0.6826801330947813
2,1000000,0.02812672340128437
6,1000000,0.012649642125775892
10,1000000,0.11515337171153037
