Dimensão (d),Amostras (N),Diferença (%)
2,100,6.9352577403998
6,100,9.387565524390952
10,100,6.534682349231089
2,1000,0.20924323658897132
6,1000,0.11325078110039975
10,1000,5.25402607206461
2,10000,0.3053897334899854
6,10000,0.6813613299351962
10,10000,0.5318599355920816
2,100000,0.2721733615727141
6,100000,0.1796653427635274
10,100000,0.48201486295450957
2,1000000,0.00214407949413902
6,1000000,0.2020712699003195
10,1000000,0.007195341055266669
