Dimensão (d),Amostras (N),Diferença (%)
2,100,1.7474064303160664
6,100,4.381713842711823
10,100,1.0553951765978438
2,1000,1.1812631417217034
6,1000,0.804601652596923
10,1000,2.5418672660220945
2,10000,0.27624756370595177
6,10000,0.736298610214233
10,10000,0.9308880592463037
2,100000,0.2126247950268948
6,100000,0.37367595337445464
10,100000,0.3134082452361774
2,1000000,0.011815261187609474
6,1000000,0.030528024048947132
10,1000000,0.0742006998296362
